,subreddit_name_prefixed,author,title,selftext,score,created,domain,media,media_embed,permalink,ups,comments
0,r/FantasyPL,AutoModerator,"Daily RMT/X vs Y/Advice/Quick Questions Thread - October 18, 2019","**We have a [reputation system](https://www.reddit.com/r/FantasyPL/comments/7cn3w1/new_feature_reply_thanks_to_a_user_to_award_them/). Reply !thanks to someone who has helped you and this rewards them with a point, shown next to their username.**

**This thread is for**:

- RMT (rate my team)

- X vs Y

- Advice

- Quick Questions

If any of the above are posted outside this thread it will be removed. Before posting, use the search function to check if your question has been answered already. 

For advice with your team, please include a screenshot with your team &amp; ask your specific question or concerns if any. 

Please upvote the users who are helping and be respectful during the discussion.

Please try to contribute too by helping others when possible.

____

To view real time comments in this thread click [here](https://reddit-stream.com/comments/auto).

To compare players check out the incredible FantasyPL_Bot commands available [here](https://www.reddit.com/r/FantasyPL/comments/b9r754/updating_adding_new_features_to_fantasypl_bot/)! For example:

    !fplbot &lt;player_name&gt; vs. &lt;team_name&gt; &lt;optional: number of fixtures&gt;",7,1571387127.0,self.FantasyPL,,{},/r/FantasyPL/comments/djfd2e/daily_rmtx_vs_yadvicequick_questions_thread/,7,"['RmT 2FT 0.8ITB.\n\nPope Button\n\nRobbo Otamendi Soy Lund Dunk\n\nSalah Kdb Sterling Mount Dendo\n\nWilson Pukki Greenwood.\n\nProbably want Abraham and possibly Tomori/ Maddison but cannot figure out how. Ditching Salah can backfire heavily.', 'Chances of Son and Aurier starting ? Want to keep them for one last week.', 'Wild Card RMT my brothers:\n\nGK- Ryan\n\nDef- Chambers    Matip     Pareira\n\nMid- Son   Maddison   CHO   KDB\n \nAtt- Tammy   Aguero   Vardy\n\nBench: Button(GK), Dunk(Def), Saka(Mid), Reid(Def)', 'Whom should i replace with Hayden? anyway this will be my bench replacement not starting 11. I have exact 4.5', 'Who to captain?\n\nPope\n\nSoyuncu taa otamendi digne\n\nSalah kdb maddison mount\n\nAuba pukki', 'Who to captain out of Sterling, Aguero, Abraham Wilson. Currently leaning towards Wilson. Thoughts?', 'Salah+ Greenwood -&gt; Auba + CHO too risky?', 'Trying to figure out the last spot on my wild card. Between Sterling/Connolly or Aguero/Elneny?', 'RMT:\n\n**Pope** (Ryan)\n\n**TAA Lundstram Pereira** (Rico, Kelly)\n\n**Mount McGinn Mane KDB** (Dendoncker)\n\n**Abraham Auba C. Wilson**\n\nWho do I captain this week? And will KDB Start for sure?\n\nAm I risking not going for the big guns Salah &amp; Sterling?']"
1,r/FantasyPL,FantasyPL_bot,"Player Price Changes (October 18, 2019)","### Risers (0)

|Name|Team|Position|Ownership|Price|‚àÜ|Form|
|:-|:-|:-|:-:|:-:|:-:|:-:|


&amp;nbsp;

### Fallers (5)

|Name|Team|Position|Ownership|Price|‚àÜ|Form|
|:-|:-|:-|:-:|:-:|:-:|:-:|
|Peacock-Farrell|Burnley|Goalkeeper|0.1%|¬£4.4|-¬£0.1|0|
|Verrips|Sheffield Utd|Goalkeeper|0.0%|¬£4.4|-¬£0.1|0|
|Lloris|Spurs|Goalkeeper|6.2%|¬£5.4|-¬£0.1|15|
|Fabianski|West Ham|Goalkeeper|3.8%|¬£5.0|-¬£0.1|26|
|Moutinho|Wolves|Midfielder|4.1%|¬£5.3|-¬£0.1|10|

&amp;nbsp;

^‚àÜ ^= ^price ^change ^this ^gameweek. ^Form ^= ^points ^last ^5 ^gameweeks.

---

^Made ^by ^[/u/esoemah](https://www.reddit.com/message/compose/?to=esoemah). ^Source: ^https://github.com/amosbastian/FPLbot",46,1571391065.0,self.FantasyPL,,{},/r/FantasyPL/comments/djg6cw/player_price_changes_october_18_2019/,46,"['No! peacock-Farrell!? How could you drop?', 'Not a good night for goalkeepers.', 'Pukki / Cantwell not falling and Wilson / CHO not rising is nice', 'So much for my Salah to Mane trade today', 'Wow no risers haha. Tomorrow is going to explode with risers... or maybe wildcards interfering and no risers before GW9.', 'This is perfect evidence of price manipulation. \n\nLloris fell, despite having a long-term injury, which according to what we‚Äôve seen with Martial and De Bruyne should mean you are ‚Äòprotected‚Äô or ‚Äòprice locked‚Äô\n\nDe Bruyne did not fall, despite a massive amount of people selling him.', 'Damn the Peacock fell!', ""Kan't Drop Bro"", 'What do you think they re smoking over there at FPL towers ? - John W. Henry FPL']"
2,r/FantasyPL,darkknight765,This will be interesting,,595,1571334092.0,i.redd.it,,{},/r/FantasyPL/comments/dj40rs/this_will_be_interesting/,595,"['It will probably be on 29th or 30th or something like that. Not a DGW,most likely', 'TC Leroy San√©, he should be back by then.', ""Didn't think Jeff Bezos would be so influential on my TC chip"", 'Bezos power &gt; Oil power', 'Would also affect Liverpool vs Wolves meant for the 28th', ""Wasn't aware Amazon had Premier League broadcasting rights"", ""I'm not a fan of moving Boxing Day games."", 'It‚Äôs not true. Amazon‚Äôs deal is to show 1 round of midweek fixtures and ALL 10 games on December 26th.  All teams play on Boxing Day and none of the games get moved.', 'Hope everyone on here smashes it this week! Boost the reddit league to the top!\n\nHave to say, has helped so much since starting reading reddit. So many knowledgeable posters and useful bits of info to read.\n\nThanks all!']"
3,r/FantasyPL,jackyous,"Fun stat : since joining United Sergio Romero has played 7 matches in PL ,, keeping 6 clean sheets with 2 goals only conceded",,160,1571354604.0,i.redd.it,,{},/r/FantasyPL/comments/dj7wqr/fun_stat_since_joining_united_sergio_romero_has/,160,"['More Fun Facts: Manchester United fans are searching for something (ANYTHING!) positive these days.', 'Definitely not worth bringing in but he‚Äôs a fantastic goalkeeper and seems like a nice bloke', ""Had a look to see who these seven appearances were against ([source](https://www.transfermarkt.co.uk/sergio-romero/leistungsdatendetails/spieler/30690/plus/0?saison=&amp;verein=&amp;liga=&amp;wettbewerb=GB1&amp;pos=&amp;trainer_id=)). \n\nSpurs (H), Villa (A), Newcastle (H), Swansea (A), Sunderland (A), Southampton (A), Watford (H). \n\nIt's also worth bearing in mind that these games took place in 2015-17 (with the exception of Watford), when the rest of the United team was playing far better than the current side is."", ""If I remember correctly he is more sweeping then De Gea... That's going to make for some interesting situations when you see the current Manchester defense."", 'So what you‚Äôre telling me is we‚Äôre going to keep a clean sheet against Liverpool?', ""He's always been highly rated, because he hasn't featured regularly in such a very long time people have forgotten how good he is. IMO Romero is one of the best gk's in the Prem'. It's criminal that he's content to sit on the bench at United when he could be first team keeper in any other club bar Liverpool and City."", 'And then, he faced Liverpool.', 'Knee jerked him in!', 'Have a look at Gazzaniga... he‚Äôs joining a top 5 defence and is 0.4 cheaper than Romero. \n\nDe Gea kept 7 clean sheets last year and Spurs 14. \n\nHaving said that for one week... Liverpool don‚Äôt do well at Old Trafford (it hurts but it‚Äôs true). The front three have scored a massive 1 (One) goal in the last 19 games v united and LFC have only won twice in the last 18 games. \nLast year united were suffering a drop in form and were injury hit (sound familiar).... it was a bore draw. \n\nLong term though, Gazzaniga looks like a decent shout and a cheap way in to a better defence (statistically). \n\nI do think Romero should be priced cheaper though, he‚Äôs not featured enough to warrant nearly 5mil.']"
4,r/FantasyPL,tongueinloftuscheek,I've got a problem with my TWAT and I need your help.,"You may or may not have heard that I used to do a post on this subreddit called the TWAT.

Of course, 'TWAT' is an acronym. It stands for The Worst Active Team. In a nutshell, I analysed the lowest scoring team in the top10k in any given gameweek. It won the Pulitzer Prize for literature and, perhaps even more prestigiously, was endorsed by Richard and Judy's book club. I don't want to be *that* guy but, suffice to say*,* it was a pretty big fucking deal.

Until it stopped.

But I'd like to dust her off, grease her up and get her back on the road.

I've received several requests, and even a Twitter DM from Judy herself (nudes attached).

Got one issue though - this is where you come in.

The site I used to get my data from (fpldiscovery) has ceased operations over the summer. 

Wondering if anyone knows where I might be able to find the lowest scoring manager in the top10k after each gameweek. Or if there's anyone on here with the skills to extract that data themselves.

Any help with my problemed TWAT would be appreciated.

Thanks.",249,1571343821.0,self.FantasyPL,,{},/r/FantasyPL/comments/dj5mv1/ive_got_a_problem_with_my_twat_and_i_need_your/,249,"[""Hello, I have a solution for you. I wrote a small javascript code snippet that requests the results pages and checks for the lowest result. This code can for example be pasted into the chrome console to yield the results:\n\n    var twatEntry;\n    var twatScore=999;\n    for(i=1;i&lt;=200;i++){\n    \tconsole.log('Requesting results from page '+i);\n    \tfetch('https://fantasy.premierleague.com/api/leagues-classic/314/standings/?page_new_entries=1&amp;page_standings='+i+'&amp;phase=1')\n    \t.then(res =&gt; res.json())\n    \t.then(res =&gt; {\n    \t\tfor(j=0;j&lt;50;j++){\n    \t\t\tvar oneTeam = res.standings.results[j];\n    \t\t\tif(oneTeam.event_total &lt;= twatScore){\n    \t\t\t\ttwatScore = oneTeam.event_total;\n    \t\t\t\ttwatEntry = oneTeam.entry;\n    \t\t\t\tconsole.log('Found new lowest, entry: '+twatEntry+', score: '+oneTeam.event_total);\n    \t\t\t}\n    \t\t}\n    \t})\n    }\n\nFor example if I do this right now the printout I get is:\n\n&gt;Found new lowest, entry: 568651, score: 65  \nFound new lowest, entry: 191908, score: 57  \nFound new lowest, entry: 1229681, score: 54  \nFound new lowest, entry: 1966144, score: 43  \nFound new lowest, entry: 1240736, score: 39  \nFound new lowest, entry: 4103254, score: 39  \nFound new lowest, entry: 1185577, score: 39  \nFound new lowest, entry: 3740722, score: 29  \nFound new lowest, entry: 4902703, score: 22  \nFound new lowest, entry: 2133852, score: 19  \nFound new lowest, entry: 1343339, score: 19  \n\nMeaning the two lowest scoring teams in the top 10 000 teams overall is https://fantasy.premierleague.com/entry/2133852/event/8 and https://fantasy.premierleague.com/entry/1343339/event/8 (which hilariously is a free hit team, gotta be some special prize).\n\nThis is a very basic javascript that can certainly be polished and tuned in any number of ways. Anyone should feel free to steal and use or change this code, though be warned that making excessive requests could get your IP banned from the fpl site. If you want some specific improvement I can probably fix it, so hit me up."", 'If you want the worst scoring team outside of the top 10k just shoot me a message after the last game finishes and I‚Äôll be happy to share my team.', 'Have you tried Vagisil?', ""Ps; I was TWAT last season ([early on](https://www.reddit.com/r/FantasyPL/comments/9b7rd0/gw3s_twat/)) and ended up 46304... I'm okay with that. Kept without Salah all the way too"", ""I really enjoyed your TWAT last year, but felt maybe it was a bit too restrictive keeping it to just the top 10k. Afterall, it's the worst \\*active\\* team, not the worst well performing team.\n\nYou could maybe use this as an opportunity to loosen your TWAT's standards, and maybe take suggestions for a more subjective TWAT, so you could include things like scout horror weeks (like I think FantasyFootballFix's scout got 0 returns last week) or if a top player has a terrible performance (even if it's not literally the worst).\n\nBut ya know: your TWAT your choice. Thanks for sharing it with us and I look forward to it's return to it's rightful place - splayed across the top of the sub"", 'Has anyone spotted the hidden message in this post yet?', 'Maybe If you made TWAT top 1K instead, then its not much effort to click through the scores !', ""Using the official API and some basic programming skills you should be able to get the top 10k scores and sort ascending by GW scores.\n\nI can take a peek later on if you want.\n\nEdit: I think I have a working prototype. Looks like there's two TWATs in the top 10k at 19 points."", 'Just want to use this opportunity to say R.I.P fpldiscovery. Such a great little tool, used to love exploring the spreadsheets with tons of data! Hope the guy who runs it comes back someday.']"
5,r/FantasyPL,MistaChelseaa,Maddison is fine after illness and has trained this week,,166,1571347066.0,twitter.com,"{'type': 'twitter.com', 'oembed': {'provider_url': 'https://twitter.com', 'version': '1.0', 'url': 'https://twitter.com/FFScout/status/1184820580018606080', 'author_name': 'Fantasy Football Scout', 'height': 186, 'width': 350, 'html': '&lt;blockquote class=""twitter-video""&gt;&lt;p lang=""en"" dir=""ltr""&gt;üó£Ô∏è Brendan Rodgers says James Maddison is &amp;quot;fine&amp;quot; after his  recent illness and has trained a few days this week.&lt;a href=""https://twitter.com/hashtag/FFScout?src=hash&amp;amp;ref_src=twsrc%5Etfw""&gt;#FFScout&lt;/a&gt; &lt;a href=""https://twitter.com/hashtag/FPL?src=hash&amp;amp;ref_src=twsrc%5Etfw""&gt;#FPL&lt;/a&gt; &lt;a href=""https://twitter.com/hashtag/GW9?src=hash&amp;amp;ref_src=twsrc%5Etfw""&gt;#GW9&lt;/a&gt; &lt;a href=""https://twitter.com/hashtag/LCFC?src=hash&amp;amp;ref_src=twsrc%5Etfw""&gt;#LCFC&lt;/a&gt; &lt;a href=""https://twitter.com/hashtag/FantasyPL?src=hash&amp;amp;ref_src=twsrc%5Etfw""&gt;#FantasyPL&lt;/a&gt;&lt;/p&gt;&amp;mdash; Fantasy Football Scout (@FFScout) &lt;a href=""https://twitter.com/FFScout/status/1184820580018606080?ref_src=twsrc%5Etfw""&gt;October 17, 2019&lt;/a&gt;&lt;/blockquote&gt;\n&lt;script async src=""https://platform.twitter.com/widgets.js"" charset=""utf-8""&gt;&lt;/script&gt;\n', 'author_url': 'https://twitter.com/FFScout', 'provider_name': 'Twitter', 'cache_age': 3153600000, 'type': 'rich'}}","{'content': '&lt;blockquote class=""twitter-video""&gt;&lt;p lang=""en"" dir=""ltr""&gt;üó£Ô∏è Brendan Rodgers says James Maddison is &amp;quot;fine&amp;quot; after his  recent illness and has trained a few days this week.&lt;a href=""https://twitter.com/hashtag/FFScout?src=hash&amp;amp;ref_src=twsrc%5Etfw""&gt;#FFScout&lt;/a&gt; &lt;a href=""https://twitter.com/hashtag/FPL?src=hash&amp;amp;ref_src=twsrc%5Etfw""&gt;#FPL&lt;/a&gt; &lt;a href=""https://twitter.com/hashtag/GW9?src=hash&amp;amp;ref_src=twsrc%5Etfw""&gt;#GW9&lt;/a&gt; &lt;a href=""https://twitter.com/hashtag/LCFC?src=hash&amp;amp;ref_src=twsrc%5Etfw""&gt;#LCFC&lt;/a&gt; &lt;a href=""https://twitter.com/hashtag/FantasyPL?src=hash&amp;amp;ref_src=twsrc%5Etfw""&gt;#FantasyPL&lt;/a&gt;&lt;/p&gt;&amp;mdash; Fantasy Football Scout (@FFScout) &lt;a href=""https://twitter.com/FFScout/status/1184820580018606080?ref_src=twsrc%5Etfw""&gt;October 17, 2019&lt;/a&gt;&lt;/blockquote&gt;\n&lt;script async src=""https://platform.twitter.com/widgets.js"" charset=""utf-8""&gt;&lt;/script&gt;\n', 'width': 350, 'scrolling': False, 'height': 186}",/r/FantasyPL/comments/dj69rl/maddison_is_fine_after_illness_and_has_trained/,166,"['First flag removed - check\n\n4 to go.... :-(', ""I've got the funds for Cantwell &gt; Maddison so this news pleases me."", 'Is Maddison a gamble this week?\n\n;-)']"
6,r/FantasyPL,AntSmith17,Matip declare himself fit for United match on Sunday,,104,1571353723.0,twitter.com,"{'type': 'twitter.com', 'oembed': {'provider_url': 'https://twitter.com', 'version': '1.0', 'url': 'https://twitter.com/SkySportsNews/status/1184848165578690561', 'author_name': 'Sky Sports News', 'height': 567, 'width': 350, 'html': '&lt;blockquote class=""twitter-video""&gt;&lt;p lang=""en"" dir=""ltr""&gt;Breaking: Liverpool defender Joel Matip says he&amp;#39;s fit for Sunday&amp;#39;s trip to Manchester United&lt;/p&gt;&amp;mdash; Sky Sports News (@SkySportsNews) &lt;a href=""https://twitter.com/SkySportsNews/status/1184848165578690561?ref_src=twsrc%5Etfw""&gt;October 17, 2019&lt;/a&gt;&lt;/blockquote&gt;\n&lt;script async src=""https://platform.twitter.com/widgets.js"" charset=""utf-8""&gt;&lt;/script&gt;\n', 'author_url': 'https://twitter.com/SkySportsNews', 'provider_name': 'Twitter', 'cache_age': 3153600000, 'type': 'rich'}}","{'content': '&lt;blockquote class=""twitter-video""&gt;&lt;p lang=""en"" dir=""ltr""&gt;Breaking: Liverpool defender Joel Matip says he&amp;#39;s fit for Sunday&amp;#39;s trip to Manchester United&lt;/p&gt;&amp;mdash; Sky Sports News (@SkySportsNews) &lt;a href=""https://twitter.com/SkySportsNews/status/1184848165578690561?ref_src=twsrc%5Etfw""&gt;October 17, 2019&lt;/a&gt;&lt;/blockquote&gt;\n&lt;script async src=""https://platform.twitter.com/widgets.js"" charset=""utf-8""&gt;&lt;/script&gt;\n', 'width': 350, 'scrolling': False, 'height': 567}",/r/FantasyPL/comments/dj7pgw/matip_declare_himself_fit_for_united_match_on/,104,"[""You can't just declare it Matip"", 'Matip to Klopp and his team. \n\n""Look at me. Im the captain now""', ""Would you start Matip or Lundstram this week? Really though decision for me, Matip has better odds to get clean sheet, but Lundy is midfielder so he could get an offensive return against Arsenal's shaky defence. Plus, Sheffield United are strong in the back and it's Arsenal away after all."", 'Love it.\n\n\nYissssssss', 'I feel like way too many tiny bits of information are being preceded by BREAKING with an article around it essentially adding no additional substantive information than the title. Just me?', 'I declare myself fit to play for United.']"
7,r/FantasyPL,superstoreman,Top 10 Net Transfers In and Out 17/10/2019 - 18/10/2019,"###Most Net Transfers In
|Name|Net Transfers|Change %|Ownership %|
|:--|--:|--:|--:|
|Man√©|34287|1.8%|27.2%|
|Mount|25678|1.1%|35.3%|
|Abraham|24709|0.8%|42.5%|
|Patr√≠cio|20823|2.7%|11.0%|
|Pereira|16197|2.2%|10.7%|
|Traor√©|15639|10.8%|2.1%|
|Callum Wilson|13988|1.5%|13.2%|
|Vardy|12997|1.7%|10.8%|
|Ryan|12521|1.3%|14.4%|
|McGinn|9983|1.2%|12.4%|

###Most Net Transfers Out
|Name|Net Transfers|Change %|Ownership %|
|:--|--:|--:|--:|
|Salah|-39823|-1.6%|35.3%|
|de Gea|-33713|-3.0%|16.3%|
|Pukki|-33303|-1.2%|38.9%|
|Cantwell|-21630|-1.3%|23.9%|
|Wan-Bissaka|-12920|-1.0%|18.6%|
|Lloris|-12611|-2.9%|6.2%|
|Barnes|-11006|-2.6%|6.1%|
|Digne|-9564|-0.6%|21.5%|
|James|-8061|-1.1%|11.0%|
|Greenwood|-8059|-1.0%|12.0%|",34,1571373292.0,self.FantasyPL,,{},/r/FantasyPL/comments/djcapq/top_10_net_transfers_in_and_out_17102019_18102019/,34,"['Salah down to 35%? You love to see it', 'I think Mane is one brace away from being owned more than Salah', 'anyone or just me still believing in Pukki', 'Anyone else taking a punt on Callum Hudson-Odoi this weekend?']"
8,r/FantasyPL,PouncingZebra,FPL Machine-Learning Experiment (55 points): GW9 Preview,,65,1571354837.0,advancedfpl.com,,{},/r/FantasyPL/comments/dj7yns/fpl_machinelearning_experiment_55_points_gw9/,65,"['Lundstram vs. Arsenal?', 'what is this experiment?', 'Hey! I have been reading about your experiment every week. Congratulations on what you have achieved so far! \n\nI just wanted to ask you: do you have the code for this uploaded somewhere?', ""Interesting pics... Hypothetically if sterling / Salah score 1 or 2 goals would they be picked next week? What's the minimum they would need to score to be included?\n\nAlso is this in python? Code open source?"", ""Double brighton defense vs Villa away?\n\n\nIt's either make it or brake it.""]"
9,r/FantasyPL,pm_me_tidy_code,Picking a captain for gameweek 9 - Bayesian multilevel model,"Evening FPL,

I have posted the gameweek 9 version of my Bayesian multilevel model - now with informative priors! - [on my blog](https://mbarnfield.github.io/fpl.html). I've copied the full post here. It's a bit of a basic reintroduction to the idea behind model and how it works, with this week's results (two versions) at the end.

With the international break over, it's time to pick an FPL captain for gameweek 9. I have been running a Bayesian 'captain selection model' every week that attempts to model a captain picking logic to rank players by how good a captain they are for the upcoming gameweek. It is a multilevel model, factoring in that players are clustered within teams. I run it in [`brms`](https://cran.r-project.org/web/packages/brms/brms.pdf), in `R`, using data from gameweek 25 last week up to the most recent gameweek. I get these data from [vastaav](https://github.com/vaastav/Fantasy-Premier-League). The basic syntax of the model looks like this:

`points | weights(weight) ~ player + opponent + home + minutes + (1 | mm(team_1, team_2))`

`points` is simply the amount of points a player gets each week, `player` is a vector of player names, `opponent` is a player's opponent each week, `minutes` is how many minutes a player plays each week, and the `(1 | mm(team_1, team_2))` part is the multilevel component, factoring in that some players have played for more than one team over the course of the data. `weights(weight)` assigns more weight to more recent gameweeks, essentially making it so that the most recent gameweek (8) is treated as happening 1.5 times, whereas the first gameweek in the data (gameweek 25 last season) is treated as only having happened once. This weight increases exponentially by week, with a big leap occurring between the two seasons, so that gameweek 1 this season is weighted much closer to gameweek 8 this season than it is to gameweek 38 last season.

The model is based around predicting points, because it is the player with the highest points that is the best captain choice. However, I don't claim to be building a model that optimally or accurately predicts points. The players are ranked by predicted points, but the specific points values themselves aren't particularly meaningful. It is about how well the players should be expected to do, relative to each other, before we see this week's data. What I'm seeking to do is represent a thought process I think most players go through when picking a captain, which I spoke about in my first post. Basically, I think we use the following heuristics:

1. Class: which of my players is the best?
2. Form: which of my players is on the best form?
3. Fixture: which of my players is playing the worst team?
4. Venue: which of my players are playing at home?
5. Game time: which of my players will get 90 minutes?

Sometimes, this thought process doesn't leave us with a clear captain pick. I designed this model because, using the data directly, it can work out how we would expect each player to do, given who they are, who they play for, who they're up against, where they're playing, and how many minutes they'll get. So when this thought process doesn't give us a clear answer, because for instance we might have a week where Ag√ºero is at home against Watford and Salah is at home against Norwich, the model can give us a more objective idea of the probable performance of each player. The fixture, venue and game time are accounted for by `opponent`, `home` and `minutes`. Form is built into the model through the weights, which mean that the model assigns more weight to players' performance in more recent gameweeks. These things, and class, are relevant both at the player level and at the team level --- we want to pick good *players* who are doing well, have a good fixture, are ideally at home, and are going to get plenty of minutes, but we also want players who play for good *teams* which are on form.

Class is to an extent naturally built in by the fact that I use data back to midway through last season, but it is also relevant to how the *priors* are set in the model. The model is a function of players' average price throughout the second half of last season and so far this season. As price is determined by likely performance and ownership, the variability in the prior captures how well we would expect each player to do without seeing the data. The model listens quite a lot to these priors at the moment, because I assign them a standard deviation of only 0.5. I do this to prevent the data listening excessively to the data, in which there are still considerable anomalies that skew the estimates. This is done to factor in the fact that people generally seem to choose their captains from among the premiums, so a model of captaincy selection should favour such players unless it has very good reason not to. I'm just trying to do what we do heuristically, more mathematically.

## Results

The results of the model for this week are below. Players nearer the top are estimated to have a higher probable points value this week, so are better captain picks. Note that there is a lot of uncertainty in how these players are ranked, captured by the fact that their credible intervals (the range in which we are 95% sure, based on the data, that their points value will fall) overlap a lot. There is really no meaningful difference between Man√© and Ag√ºero. This is where, if you have other considerations or intuitions, these could sway your choice one way or the other. The implications of the international break might be relevant here, for example.

The first plot assumes players play the average amount of minutes they have played over the last five gameweeks. There is therefore some variability in the minutes here. The second plot assumes that all players whose average minutes are over 45 play 90 this week. The estimates change because some players might have one prediction based on a 60 minute appearance, and another on a 90 minute appearance. Because I model minutes, the model knows that 90 minutes usually means more points than 60 minutes. Notice the difference in how De Bruyne is ranked, for example. He is a great pick if he plays a significant proportion of the match, but his average minutes over the last five gameweeks are relatively low. I think he was also red-flagged, in which case he might not be worth the risk. Again, here, the international break might be really relevant in a way I can't model. If you're convinced that Sterling won't play 90 because he played twice, then maybe don't captain him. The model doesn't have this data, but you might.

&amp;#x200B;

&amp;#x200B;

https://i.redd.it/hb0461tzm5t31.png

https://i.redd.it/bjmxj4tzm5t31.png",29,1571370245.0,self.FantasyPL,,{},/r/FantasyPL/comments/djbjmv/picking_a_captain_for_gameweek_9_bayesian/,29,"['Great post but I‚Äôm happy to knee jerk a captain last minute and get 2 points', 'Really cool! Is it kinda suprising Tammy is not higher given Newcastle (who admittedly have been decent defensively in some games)?', 'This actually really helped, gave each factor a quantitative value and calculated who, on paper, is my best pick. Now captaining Auba, son VC.', 'Not nearly enough kurtosis on the big strikers', ""This is cool, but I'd like to see a graph that can help me decide which my three players with a 75% chance of playing, actually have the better chance of playing lol\n\nTwo of them would be my TC/VC choices if fit.\n\nSeriously, I have no idea who has a better chance, between the one with the knock, the one with the groin injury or the one with the hamstring injury."", 'Lol just captain Tammy']"
10,r/FantasyPL,setsomethingablaze,Whisper it but Leicester City aren't a good attacking side... - Football365,,33,1571362331.0,football365.com,,{},/r/FantasyPL/comments/dj9pgz/whisper_it_but_leicester_city_arent_a_good/,33,"[""I think they've got a point, but also they're ignoring the fact that Leicester's opposition so far has been good defensively. I've no doubt that Vardy will not continue to outscore his xG by as much as he's currently doing but I'm banking on that happening by his xG increasing with the greener fixtures."", 'TLDR version?', 'This feels like the Mcginn post (if you guys remember), overanalyzing when someone looks great. I listened to that post and that was probably one of the worst decision I have made in fantasy. So make of that what you want but I would recommend staying a bit patient...', 'are they still a primarily counter attacking team?  that could possibly lead to less possession and less chances but better success rates.  i still go with the eye test over everything, and they look pretty solid all around.', 'And this is about to change because of the fixture list. Leicester is an amazing team with mad talent up front. A big orgy party will take place in the next few months. Non stop penetration.', 'RemindMe! 3 Weeks', 'We know.', '"" Maddison shoots as soon as he wakes up in the morning"" \n\nGreat line! I used to do that but then she divorced me. Now I wait a bit longer.', 'Not a very good source you have choosen. Its like a clickbait sites, but with a little bit of on topic flavor.\n\nThey do have few articles well written and most of them are not. I would not take them as a good source for football\n/soccer.']"
11,r/FantasyPL,__rosebud__,Emerson back in training for Chelsea.,,61,1571349696.0,i.redd.it,,{},/r/FantasyPL/comments/dj6t6b/emerson_back_in_training_for_chelsea/,61,"['Do you think he‚Äôll start straight away? I was keen on a punt on Alonso', 'Finally, held him in my draft for ages']"
12,r/FantasyPL,Amokhtar,Genius Picks Gameweek 9,,34,1571357461.0,i.redd.it,,{},/r/FantasyPL/comments/dj8kc0/genius_picks_gameweek_9/,34,"[""They must be truly Genius to pick 3 Spurs players. Even I, a Spurs fan, wouldn't dare touch any of our players"", 'What a shit team', 'How stable is this genius?', 'You think Son will start with him playing 90 minutes earlier this week? He‚Äôs probably the only Spurs player to consider playing this week with how shite they‚Äôve looked', ""Every week we will be posting our A.I.'s top 11 players for the upcoming gameweek. For those of you who haven't heard of FPL Genius yet, you can learn more on [our first reddit post](https://www.reddit.com/r/FantasyPL/comments/cmkqd7/new_fpl_genius_chrome_extension/), and you can download our FPL Genius [Chrome extension](https://chrome.google.com/webstore/detail/fpl-genius/ppckicpaoihcmamekmnhdaiaklmccobm), and [Firefox extension](https://addons.mozilla.org/en-US/firefox/addon/fantasy-genius/) to help you win your mini-league this season.\n\nWe have also just started a [free weekly newsletter](https://mailchi.mp/f819ab29066c/fpl_genius) that will contain this team and a more in-depth look at potential hidden FPL gems.\n\nLet us know your thoughts..."", 'Even Apple genius is more genius than them with this lineup', 'Doubling up on Wolves defence is pure swivel eyed lunacy.', 'God awful team', 'Son, Harry Wilson and Lamela instead of McGinn, Maddison and Mount?']"
13,r/FantasyPL,adishriLFC,Dyche: Erik Pieters has trained all week and is available for selection.,,54,1571346991.0,twitter.com,"{'type': 'twitter.com', 'oembed': {'provider_url': 'https://twitter.com', 'version': '1.0', 'url': 'https://twitter.com/BurnleyOfficial/status/1184818123481997318', 'author_name': 'Burnley FC', 'height': 180, 'width': 350, 'html': '&lt;blockquote class=""twitter-video""&gt;&lt;p lang=""en"" dir=""ltr""&gt;SD: Erik Pieters has trained all week and is available for selection. Danny Drinkwater not yet ready for a a return&lt;/p&gt;&amp;mdash; Burnley FC (@BurnleyOfficial) &lt;a href=""https://twitter.com/BurnleyOfficial/status/1184818123481997318?ref_src=twsrc%5Etfw""&gt;October 17, 2019&lt;/a&gt;&lt;/blockquote&gt;\n&lt;script async src=""https://platform.twitter.com/widgets.js"" charset=""utf-8""&gt;&lt;/script&gt;\n', 'author_url': 'https://twitter.com/BurnleyOfficial', 'provider_name': 'Twitter', 'cache_age': 3153600000, 'type': 'rich'}}","{'content': '&lt;blockquote class=""twitter-video""&gt;&lt;p lang=""en"" dir=""ltr""&gt;SD: Erik Pieters has trained all week and is available for selection. Danny Drinkwater not yet ready for a a return&lt;/p&gt;&amp;mdash; Burnley FC (@BurnleyOfficial) &lt;a href=""https://twitter.com/BurnleyOfficial/status/1184818123481997318?ref_src=twsrc%5Etfw""&gt;October 17, 2019&lt;/a&gt;&lt;/blockquote&gt;\n&lt;script async src=""https://platform.twitter.com/widgets.js"" charset=""utf-8""&gt;&lt;/script&gt;\n', 'width': 350, 'scrolling': False, 'height': 180}",/r/FantasyPL/comments/dj699i/dyche_erik_pieters_has_trained_all_week_and_is/,54,['https://imgur.com/mKjkXgB']
14,r/FantasyPL,tongueinloftuscheek,"I've taken a look at the clean sheet and anytime goalscorer odds ahead of Gameweek 9. A decent read for anyone still on the fence re. their captain/bench. Which, I'm assuming, is most of us.",,65,1571341653.0,fantasybet.com,,{},/r/FantasyPL/comments/dj58g6/ive_taken_a_look_at_the_clean_sheet_and_anytime/,65,"['One of  the best  posts every GW. Will Captain Raz...and hope...', 'im still debating captaining Raz or C.Wilson, at the moment its on Wilson', 'Love your writing style and the commentary mate. Great stuff.', ""I have Man√©, Aguero, Abraham, Son, Mount in my attacking 6... but I'm gonna be ice cold and captain Callum Wilson this GW."", ""Kenny McClean isn't a defender, either on Fpl or IRL. Otherwise good article!"", ""It's between Sterling, Wilson and Tammy for me. Wilson is getting the C at the moment."", 'Oh UEA is wonderful ...', 'I‚Äôve had it on son for 2 weeks because Watford are terrible but latest news about him just getting back from Korea yesterday and maybe starting on the bench is making me reconsider...', ""Currently, it's Tammy captain and C.Wilson vice for me. After seeing the odds, I think it'll continue to be so""]"
15,r/FantasyPL,mtq10tb,"Team news, manager quotes and predicted line-ups for Gameweek 9 - updated throughout the day",,24,1571357464.0,thestatszone.com,,{},/r/FantasyPL/comments/dj8kd3/team_news_manager_quotes_and_predicted_lineups/,24,"['Crazy amount of pressers today!', 'Change lloris at goal', 'Can you comment to this OP, so we can say thanks for constantly updating this article throughout the morning?']"
16,r/FantasyPL,argon08,Can you beat this set and forget team?,"Using Excel Solver, I tried to create the optimal set and forget team using starting prices and current scores (assuming a min cost bench). Can you find ways to optimize it?

|Name|Position|Cost|Points|
|:-|:-|:-|:-|
|Aguero|F|12|61|
|Pukki|F|6.5|54|
|Abraham|F|7|54|
|KDB|M|9.5|63|
|Mane|M|11.5|57|
|Mount|M|6|46|
|Pereira|D|6|40|
|TAA|D|7|40|
|Lundstram|D|4|39|
|Van Aanholt|D|5.5|39|
|Patricio|G|5|38|
|Total||80|531|

&amp;#x200B;

fillerfillerfillerfillerfillerfillerfillerfillerfillerfillerfillerfillerfillerfillerfillerfillerfillerfillerfillerfillerfillerfillerfillerfillerfillerfillerfillerfillerfillerfillerfillerfillerfillerfillerfillerfillerididntknowwhyppldidthisuntilfillerfillerfillerfillerfillerfillerfillerfillerfillerfillerfillerfillerfillerfillerfillerfillerfillerfillerfillerfillerfillitriedtopostthisthefirsttimefillerfillerfillerfillerfillerfillerfillerfillerfillerfillerfillerfillerfillerfillerfillerfillerfillerfillerfillerfillerfillerfillerfillerfillerfillerfillerfillerfillerfillerfillerfillerfillerfillerfillerfillerfillerfillerfillerfillerfillerfillerfillerfillerfillerfillerfillerfillerfillerfillerfillerfillerfillerfillerfillerfillerfillerfillerfillerfillerfillerfillerfillerfillerfillerfillerfiller",3,1571389192.0,self.FantasyPL,,{},/r/FantasyPL/comments/djfs60/can_you_beat_this_set_and_forget_team/,3,['You could change PVA for Mahrez to go from 39 to 46 and go 3-4-3 for extra 3m which is still under 83.5m maximum excluding bench']
17,r/FantasyPL,IGuessIRanOutOfChara,"Alexandre Lacazette (left ankle) decision on his participation for Monday‚Äôs match at Sheffield United will be made in the forthcoming days. Emile Smith-Rowe fully recovered, available for selection. Reiss Nelson (left knee: ligament injury). Aiming to return to full training in November.",,72,1571331952.0,arsenal.com,,{},/r/FantasyPL/comments/dj3pc5/alexandre_lacazette_left_ankle_decision_on_his/,72,"['Why do Arsenal always play late though, it‚Äôs so annoying from an FPL view since you‚Äôll always end up getting screwed over by Aubameyang', 'Has anyone put Pepe in their team?', 'What is the likelihood of Tierney starting this game week?', 'This affects Saka (4.5) owners for sure. Auba should take his place if Laca is fit.', 'Reckon Martinelli is a shout for the game, I imagine Laca will play but not the full game']"
18,r/FantasyPL,only-shallow,Everton away has been reduced from 4 to 3 on the FDR system.,,517,1571291672.0,i.redd.it,,{},/r/FantasyPL/comments/diwht1/everton_away_has_been_reduced_from_4_to_3_on_the/,517,"[""That's all well and good , but what's going on with your screen mate . Kinda looks like there's a greyish tint and the colours look a bit off."", 'Also BUR (A) and CRY (H) are now 3 FDR.', 'Yarmo - great choice with his upcoming run of matchups, price may be on the rise soon.', 'Noob question but what is FDR lol', 'United and Tottenham better kick into high gear or they‚Äôre next on the chopping block', 'Fun fact: the FDR system was actually created by Harry Truman at the end of his vice-presidency - but Roosevelt claimed the glory', 'How the hell was Everton a 4 in the first place??', 'Should be 2.', 'Breaking news(not really): official fpl FDR is shit. Make up your own minds sheeple.']"
19,r/FantasyPL,404randomguy404,Kneejerk United - Wildcard Part VI: Final Changes,"Welcome back to the 2019/20 edition of r/FantasyPL's hive mind team! An exercise in which you, the members of this sub, select and maintain an FPL team throughout the course of an entire footballing season.

---

Two positions were all that were left [yesterday](https://www.reddit.com/r/FantasyPL/comments/diubp2/kneejerk_united_wildcard_part_v_final_2_positions). Voting was close throughout but in the end it was Maddison and Firmino who take it, just beating out Yarmolenko and Aubameyang for the final 2 places! With these two new additions we finally have our 15-man squad and all that's left to do is to give you one final say on what happens to the team before the captain and bench vote tomorrow evening. 

---

**[Kneejerk United (3-4-3)](https://fantasy.premierleague.com/entry/2000323/history)**

&gt;Pope (4.6) - McGovern (4.0)

&gt;TAA (7.2) - Soyuncu (4.7) - Tomori (4.6) - Rico (4.2) - Lundstram (4.2)

&gt;Sterling (12.1) - De Bruyne (9.7 / **Y**) - Maddison (7.2) - Mount (6.7) - Cantwell (4.9 / **Y**)

&gt;Firmino (9.6) - Wilson (7.9) - Abraham (7.7)

###ITB: ¬£0.3m

**Y** = Yellow Flagged (75% chance of playing)






---

**Final Changes**

This is it. If there is something you are not happy with or things have changed and you want to make adjustments, this will be your final opportunity to suggest any number of changes you want to make to the team. There will be a poll vote held tomorrow with the most popular options. 

Please reply directly in the comments with any changes you want. In your comment you are welcome to suggest as many changes as you like. You can include multiple transfers, formation changes and changes to bench personnel all in the same comment. Heck, change all 15 players if that's what you want. We leave it entirely in your hands. 

*Note - You have ¬£0.3m ITB to work with and it's worth mentioning there are already 3 players from Chelsea in the team, so if you do want a different Chelsea player you will first need to take one out.*

---

Kneejerk United is being managed by u/2ManyPlebs and u/404randomguy404. If you have any feedback regarding the way the team is being administered, then feel free to comment below or send either of us a DM.",14,1571363363.0,self.FantasyPL,,{},/r/FantasyPL/comments/dj9y04/kneejerk_united_wildcard_part_vi_final_changes/,14,"['Good players, but money is wasted on Cantwell with this structure.', ""Good team. I'm surprised we've ended up with a team without Aubameyang or Man√© but it's hard to see how we would fit them in."", 'Wilson + Firmino -&gt; King + Aubameyang\n\nPersonally I feel Wilson to King is not a massive downgrade, but Firmino to Auba is a decent upgrade.', 'Tiny part of me wants us to downgrade Cantwell to a 4.4 so we can just about squeeze Kieran Tierney in as a differential gamble', 'Sterling to Mane', 'sterling&gt;mane; abraham&gt;vardy', 'Sterling -&gt; Man√©\n\nFirmino -&gt; Vardy\n\nCantwell -&gt; Hudson-Odoi', 'Firmino -&gt; Auba (- 1.5)\n\nSterling -&gt; Mane (+ 0.4)\n\nCantwell -&gt; Dendocker (+ 0.5)\n\nTomori -&gt; Webster (+ 0.2)\n\nPope -&gt; Gazzianga (+ 0.2)\n\nITB (+ 0.2)\n\nRemaining balance = 0.1\n\nYou get coverage across all the major attacks (LIV - Mane, City - KDB, ARS - Auba, LEI - Maddison, CHE - Mount/Abraham).\n\nFirmino to Auba is a big upgrade while Mane is pretty much lateral from Sterling.\n\nWolves have a really nice run of fixtures and Dendoncker should get a bunch of clean sheet 1 pt bonuses.\n\nGazza gives you a top 6 keeper for super cheap and Webster has been starting for a decent Brighton defense.\n\nIn a week or two you could upgrade Gazza or Webster to a 4.5 with the remaining money.', 'Same team on WC except I have Mane &amp; Aguero instead of Sterling &amp; Firmino.']"
20,r/FantasyPL,RomeMe1122,Potter on Trossard: Probably not ready to start.,,22,1571350992.0,twitter.com,"{'type': 'twitter.com', 'oembed': {'provider_url': 'https://twitter.com', 'version': '1.0', 'url': 'https://twitter.com/FFScout/status/1184833750716375042', 'author_name': 'Fantasy Football Scout', 'height': 372, 'width': 350, 'html': '&lt;blockquote class=""twitter-video""&gt;&lt;p lang=""en"" dir=""ltr""&gt;üó£Ô∏è Potter on Trossard: &amp;quot;We need to be careful with him, he&amp;#39;s probably not ready to start at the weekend, I think that&amp;#39;s fair to say. But still, he&amp;#39;s training with the group and we&amp;#39;ll make a decision this afternoon and tomorrow as to whether he&amp;#39;s in the group.&amp;quot;&lt;a href=""https://twitter.com/hashtag/FFScout?src=hash&amp;amp;ref_src=twsrc%5Etfw""&gt;#FFScout&lt;/a&gt; &lt;a href=""https://twitter.com/hashtag/FPL?src=hash&amp;amp;ref_src=twsrc%5Etfw""&gt;#FPL&lt;/a&gt; &lt;a href=""https://twitter.com/hashtag/GW9?src=hash&amp;amp;ref_src=twsrc%5Etfw""&gt;#GW9&lt;/a&gt;&lt;/p&gt;&amp;mdash; Fantasy Football Scout (@FFScout) &lt;a href=""https://twitter.com/FFScout/status/1184833750716375042?ref_src=twsrc%5Etfw""&gt;October 17, 2019&lt;/a&gt;&lt;/blockquote&gt;\n&lt;script async src=""https://platform.twitter.com/widgets.js"" charset=""utf-8""&gt;&lt;/script&gt;\n', 'author_url': 'https://twitter.com/FFScout', 'provider_name': 'Twitter', 'cache_age': 3153600000, 'type': 'rich'}}","{'content': '&lt;blockquote class=""twitter-video""&gt;&lt;p lang=""en"" dir=""ltr""&gt;üó£Ô∏è Potter on Trossard: &amp;quot;We need to be careful with him, he&amp;#39;s probably not ready to start at the weekend, I think that&amp;#39;s fair to say. But still, he&amp;#39;s training with the group and we&amp;#39;ll make a decision this afternoon and tomorrow as to whether he&amp;#39;s in the group.&amp;quot;&lt;a href=""https://twitter.com/hashtag/FFScout?src=hash&amp;amp;ref_src=twsrc%5Etfw""&gt;#FFScout&lt;/a&gt; &lt;a href=""https://twitter.com/hashtag/FPL?src=hash&amp;amp;ref_src=twsrc%5Etfw""&gt;#FPL&lt;/a&gt; &lt;a href=""https://twitter.com/hashtag/GW9?src=hash&amp;amp;ref_src=twsrc%5Etfw""&gt;#GW9&lt;/a&gt;&lt;/p&gt;&amp;mdash; Fantasy Football Scout (@FFScout) &lt;a href=""https://twitter.com/FFScout/status/1184833750716375042?ref_src=twsrc%5Etfw""&gt;October 17, 2019&lt;/a&gt;&lt;/blockquote&gt;\n&lt;script async src=""https://platform.twitter.com/widgets.js"" charset=""utf-8""&gt;&lt;/script&gt;\n', 'width': 350, 'scrolling': False, 'height': 372}",/r/FantasyPL/comments/dj736y/potter_on_trossard_probably_not_ready_to_start/,22,['What are we thinking about Connolly then?\n\nI have 2 free transfers this week and happy with the majority of my team. \n\nIn this situation where I have in effect 1 free transfer to use otherwise I lose it - would you go Greenwood to Connolly? Who is more likely to get minutes and score points? \n\n&amp;#x200B;\n\nCant decide whether to make the move or not. Is Connolly likely to start regularly...']
21,r/FantasyPL,TopdeBotton,Predictions League GW9 Thread,"#Notices

- If you're unclear on anything at all, please read this original post in its entirety and/or comment below or message me with any questions.

- As per /u/NoobyDoobyDoooo's suggestion, there will be a comment from me below that you'll be able to copy and fill out with your own predictions.


#GW8 Update

- /u/DrakkariTrickster won a tough GW8 with 12 points

- /u/memokkk remains top of both the form and overall tables

- 8 points now separate first overall from joint tenth overall


[**You can see the full standings here.**](https://docs.google.com/spreadsheets/d/1fCBa4hHotkN_bMdjpj9WEN1kA2Fwelbe73of__Fu_Xk/edit?usp=sharing)


#GW8 High Scores

Rank | Player | Total
---|---|---
1 | DrakkariTrickster | 12
2 | bangarangadangajang | 11
3 | Gutsthehero | 10
4 | omarash7 | 9
4 | deathbyfish13 | 9
4 | Spypsy3 | 9
4 | EunhasThighs | 9
4 | LankyHP | 9
4 | shaun_woo | 9
4 | alchemist21Gr | 9
4 | TheHopelessCricketer | 9


#GW8 Overall Table

Rank | Player | Total
---|---|---
1 | memokkk | 70
2 | deathbyfish13 | 68
2 | EunhasThighs | 68
2 | TheWh1teW0lf | 68
5 | AlliAyewOKane | 66
5 | goodbadanduglyy | 66
7 | laughinggee | 64
8 | Celesgami | 63
8 | karanmanik | 63
10 | allegedeagle | 62
10 | ArsenalWizard | 62
10 | eonica | 62
10 | WillyGoFar | 62


#GW4-8 Form Table

Rank | Player | Total
---|---|---
1 | memokkk | 48
2 | deathbyfish13 | 47
3 | NameGray | 46
4 | zalimzlats | 45
5 | EunhasThighs | 44
6 | goodbadanduglyy | 42
7 | AlliAyewOKane | 41
7 | allegedeagle | 41
7 | YouShlaaaag | 41
7 | AngryPenguin501 | 41
7 | farcough187 | 41
7 | AspiringTransponster | 41


#How to Play

You post your predictions for each fixture in the format specified (e.g. `Manchester United v Crystal Palace (2-1)`) and you are awarded points as per the following:

A correct result (e.g. 1-0) = 1 point

A correct score (e.g. 2-1) = 3 points

You will be awarded either 0, 1 or 3 points (with a maximum score of 3 points) per fixture.

So in the hypothetical fixture above, if the match ended 2-1 and you had predicted 3-2 to United, you would be awarded 1 point. 

If you predicted 2-1 to United, you would be awarded the full 3 points.

If you predicted a draw or a Palace win, you would score 0 points.

[**You can see a more detailed explanation of the rules here.**](https://www.reddit.com/r/FantasyPL/comments/cmvubh/predictions_league_gw1_thread/)


#GW9 Fixtures and Format

* Everton v West Ham (H-A)
* Aston Villa v Brighton (H-A)
* Bournemouth v Norwich (H-A)
* Chelsea v Newcastle (H-A)
* Leicester v Burnley (H-A)
* Spurs v Watford (H-A)
* Wolves v Southampton (H-A)
* Crystal Palace v Man City (H-A)
* Man Utd v Liverpool (H-A)
* Sheffield Utd v Arsenal (H-A)


Each prediction must be in the following format:

* `Home Team v Away Team (2-1)`

This is because /u/hi-i-am-new-here
's Excel macro expects predictions in this format and ignores everything else. 

The most important parts of each prediction are the hyphen (`-`) and the brackets (`()`). 

Please do not use colons (`:`) or other brackets because the macro is not looking for these.

The order is the next most important thing because e.g. if you post your Burnley v Southampton prediction before the Bournemouth v Sheffield Utd fixture, then the macro will take your Burnley v Southampton prediction as your Bournemouth v Sheffield Utd prediction.  

In previous seasons, predictions not fitting this format and order have been manually corrected but this will only be the case this season in very rare exceptions. You are responsible for your own predictions.


#Mobile and App Users

**As such, if you are using the official Reddit app,** [**you should leave a blank line after each prediction.**](https://imgur.com/a/6bFiz)


#GW9 Deadline and Update

You can edit your comment before the first kick-off of the GW, which is on **Saturday 19 October** at **12:30 BST**. 

If you need to change your predictions after this deadline, please post your new prediction(s) in a reply to your own comment ([**like this**](https://i.imgur.com/wre5pUK.png)).

You can expect the GW9 spreadsheet update by Tuesday 22 October and the GW10 thread by Wednesday 23 October.",9,1571364146.0,self.FantasyPL,,{},/r/FantasyPL/comments/dja4j0/predictions_league_gw9_thread/,9,"['Everton v West Ham (1-2)\n\nAston Villa v Brighton (2-1)\n\nBournemouth v Norwich (3-1)\n\nChelsea v Newcastle (4-0)\n\nLeicester v Burnley (2-0)\n\nSpurs v Watford (1-0)\n\nWolves v Southampton (2-1)\n\nCrystal Palace v Man City (0-2)\n\nMan Utd v Liverpool (0-1)\n\nSheffield Utd v Arsenal (0-1)', 'Everton v West Ham (H-A)\n\nAston Villa v Brighton (H-A)\n\nBournemouth v Norwich (H-A)\n\nChelsea v Newcastle (H-A)\n\nLeicester v Burnley (H-A)\n\nSpurs v Watford (H-A)\n\nWolves v Southampton (H-A)\n\nCrystal Palace v Man City (H-A)\n\nMan Utd v Liverpool (H-A)\n\nSheffield Utd v Arsenal (H-A)', ' \n\n* Everton v West Ham (1-1)\n* Aston Villa v Brighton (3-0)\n* Bournemouth v Norwich (0-1)\n* Chelsea v Newcastle (2-0)\n* Leicester v Burnley (1-1)\n* Spurs v Watford (2-1)\n* Wolves v Southampton (1-1)\n* Crystal Palace v Man City (1-3)\n* Man Utd v Liverpool (0-0)\n* Sheffield Utd v Arsenal (1-2)', 'Everton v West Ham (1-2)\n\nAston Villa v Brighton (0-1)\n\nBournemouth v Norwich (0-2)\n\nChelsea v Newcastle (2-0)\n\nLeicester v Burnley (2-2)\n\nSpurs v Watford (1-1)\n\nWolves v Southampton (1-0)\n\nCrystal Palace v Man City (0-2)\n\nMan Utd v Liverpool (1-3)\n\nSheffield Utd v Arsenal (0-1)', '* Everton v West Ham (1-1)\n* Aston Villa v Brighton (2-1)\n* Bournemouth v Norwich (4-2)\n* Chelsea v Newcastle (1-0)\n* Leicester v Burnley (2-0)\n* Spurs v Watford (1-1)\n* Wolves v Southampton (1-0)\n* Crystal Palace v Man City (0-2)\n* Man Utd v Liverpool (1-3)\n* Sheffield Utd v Arsenal (0-0)', ' \n\n* Everton v West Ham (2-1)\n* Aston Villa v Brighton (1-1)\n* Bournemouth v Norwich (3-1)\n* Chelsea v Newcastle (2-0)\n* Leicester v Burnley (2-1)\n* Spurs v Watford (3-1)\n* Wolves v Southampton (1-1)\n* Crystal Palace v Man City (2-2)\n* Man Utd v Liverpool (0-2)\n* Sheffield Utd v Arsenal (1-2)', '- Everton v West Ham (1-2)\n\n- Aston Villa v Brighton (0-0)\n\n- Bournemouth v Norwich (3-1)\n\n- Chelsea v Newcastle (4-0)\n\n- Leicester v Burnley (2-0)\n\n- Spurs v Watford (3-0)\n\n- Wolves v Southampton (1-0)\n\n- Crystal Palace v Man City (1-2)\n\n- Man Utd v Liverpool (1-1)\n\n- Sheffield Utd v Arsenal (0-2)', 'Everton v West Ham (1-2)\n\nAston Villa v Brighton (2-1)\n\nBournemouth v Norwich (2-0)\n\nChelsea v Newcastle (3-1)\n\nLeicester v Burnley (1-1)\n\nSpurs v Watford (3-2)\n\nWolves v Southampton (1-1)\n\nCrystal Palace v Man City (0-5)\n\nMan Utd v Liverpool (1-2)\n\nSheffield Utd v Arsenal (1-3)', ' \n\nEverton v West Ham (2-1)\n\nAston Villa v Brighton (0-0)\n\nBournemouth v Norwich (2-1)\n\nChelsea v Newcastle (2-0)\n\nLeicester v Burnley (2-0)\n\nSpurs v Watford (3-0)\n\nWolves v Southampton (1-0)\n\nCrystal Palace v Man City (0-3)\n\nMan Utd v Liverpool (0-2)\n\nSheffield Utd v Arsenal (0-2)']"
22,r/FantasyPL,FPLFeeker,TV schedules for December and January,,11,1571361708.0,twitter.com,"{'type': 'twitter.com', 'oembed': {'provider_url': 'https://twitter.com', 'version': '1.0', 'url': 'https://twitter.com/premierleague/status/1184861899873292288', 'author_name': 'Premier League', 'height': 420, 'width': 350, 'html': '&lt;blockquote class=""twitter-video""&gt;&lt;p lang=""en"" dir=""ltr""&gt;The Manchester derby is just one of the &lt;a href=""https://twitter.com/hashtag/PL?src=hash&amp;amp;ref_src=twsrc%5Etfw""&gt;#PL&lt;/a&gt; matches chosen for UK TV broadcast in December &amp;amp; January&lt;br&gt;&lt;br&gt;Full list ‚û°Ô∏è &lt;a href=""https://t.co/NAtmCMM6o7""&gt;https://t.co/NAtmCMM6o7&lt;/a&gt; &lt;a href=""https://t.co/XOb20fFyuO""&gt;pic.twitter.com/XOb20fFyuO&lt;/a&gt;&lt;/p&gt;&amp;mdash; Premier League (@premierleague) &lt;a href=""https://twitter.com/premierleague/status/1184861899873292288?ref_src=twsrc%5Etfw""&gt;October 17, 2019&lt;/a&gt;&lt;/blockquote&gt;\n&lt;script async src=""https://platform.twitter.com/widgets.js"" charset=""utf-8""&gt;&lt;/script&gt;\n', 'author_url': 'https://twitter.com/premierleague', 'provider_name': 'Twitter', 'cache_age': 3153600000, 'type': 'rich'}}","{'content': '&lt;blockquote class=""twitter-video""&gt;&lt;p lang=""en"" dir=""ltr""&gt;The Manchester derby is just one of the &lt;a href=""https://twitter.com/hashtag/PL?src=hash&amp;amp;ref_src=twsrc%5Etfw""&gt;#PL&lt;/a&gt; matches chosen for UK TV broadcast in December &amp;amp; January&lt;br&gt;&lt;br&gt;Full list ‚û°Ô∏è &lt;a href=""https://t.co/NAtmCMM6o7""&gt;https://t.co/NAtmCMM6o7&lt;/a&gt; &lt;a href=""https://t.co/XOb20fFyuO""&gt;pic.twitter.com/XOb20fFyuO&lt;/a&gt;&lt;/p&gt;&amp;mdash; Premier League (@premierleague) &lt;a href=""https://twitter.com/premierleague/status/1184861899873292288?ref_src=twsrc%5Etfw""&gt;October 17, 2019&lt;/a&gt;&lt;/blockquote&gt;\n&lt;script async src=""https://platform.twitter.com/widgets.js"" charset=""utf-8""&gt;&lt;/script&gt;\n', 'width': 350, 'scrolling': False, 'height': 420}",/r/FantasyPL/comments/dj9koq/tv_schedules_for_december_and_january/,11,['Gameweek schedules not yet updated on OFPL site']
23,r/FantasyPL,BlackCatsWhiteCaps,KDB regret supporters group,"I'm sure I'm not the only one. FPL towers aside, what is your plan to get KDB back in?!




Baby Jet AirlinesEdit

As of October 2017, Asamoah Gyan has been granted an¬†Air Carrier Licence¬†(ACL) by the¬†Ghanaian Civil Aviation Authority¬†(GCAA). According to the¬†Ghana News Agency, the start-up is named¬†Baby Jet Airlines. With the license in hand, the start-up is now permitted to begin with its¬†AOC¬†certification drive.[58]",114,1571311755.0,self.FantasyPL,,{},/r/FantasyPL/comments/dj0mw3/kdb_regret_supporters_group/,114,"[""I didn't sell KDB so I have nothing to contribute on that, but I am very interested in Asamoah Gyan's airline"", 'I sold him for Son. \n\nMy hopes and dreams: Son gets more points than KDB this weekend and I‚Äôll feel like a genius. \n\nLikely reality: KDB gets three assists and bonus points, Son is subbed on in the last 20 minutes for a 1 pointer. \n\nEither way, I‚Äôll likely be selling Kane to afford KDB again\nnext week üòû', 'Didn‚Äôt sell him. Had him since GW1 at 9.5m. \n\nI think anyone who got rid of him over a groin pull with a 2 week break coming up was mad.', 'What‚Äôs the story with all those post fillers guys?', 'Selling KdB led to me having Auba and CHO.\n\nRegretting a bit, but now I can wait and watch if KdB is 100% fine and back to his previous best.', 'Why is this just full of humble braggers and smug wankers?', ""I like how afew of the comments here are just people saying they didn't sell KDB, okay once you've finished congratting yourself I'm sure there's other people who actually want to talk about the subject."", 'I sold him for Mahrez and am currently 0.1 down on the deal as I bought KDB late. It‚Äôs left me with a money in the bank and a lot of options for potential transfers. I‚Äôm still waiting for the pressers and may not buy him back for this week.', 'RIP sir']"
24,r/FantasyPL,fantasyfootaball,How Brendan Rodgers has changed Leicester- An analysis of Leicester under Rodgers,,44,1571331170.0,fantasysportsprofessor.com,,{},/r/FantasyPL/comments/dj3la6/how_brendan_rodgers_has_changed_leicester_an/,44,['I think they can get top-4 this season']
25,r/FantasyPL,GoalmouthScramblePod,Who would you rather invest in?,"In this weeks pod we want to explore why ""eye tests"" are so useful for FPL by doing a little conundrum! So our question is which of these teams do you like the look of most defensively from their data sets. Please do not say who the teams are in the comment section and tune into the podcast to see who is who!

&amp;#x200B;

Comment below choices and why.

Team A- Lowest shots in the box conceded, lowest big chances conceded, lowest xCon.

Team B- 4th lowest shots in the box conceded, 3rd for big chances conceded, 2nd for xCon.

Team C- 2nd lowest shots in the box conceded, 9th for big chances conceded, 6th for xCon.

Team D- 2nd lowest big chances conceded, 9th for shots in the box conceded, 4th for xCon.

Team E- 3rd for shots in the box conceded, 8th for big chances conceded, 5th for xCon

&amp;#x200B;

&amp;#x200B;

 Make sure to like our[ twitter](https://twitter.com/FPL_GMSPodcast), join in with the community discussions and also its the best way to stay up to date with all our content!",10,1571353861.0,self.FantasyPL,,{},/r/FantasyPL/comments/dj7ql0/who_would_you_rather_invest_in/,10,"['What is xCon?', 'Team A and Team D', ""Feel like it's fairly obvious which is best just based on those stats, and I'm sure it's be interesting to see who is who, but does this just show how these stats without context are potentially misleading? Also, A and D."", 'A and B', ""Depends who they played against if they'd all played the same teams there would be meaning to these stats, without they are meaningless"", 'Team C seems to have a good organization, but they are terrible at not making mistakes (compared to the rest of the teams).', 'Exactly what FPL managers want: A post at the end of the international break without instant gratification ü§£']"
